round,threshold,left_residual,right_residual,train_mse
0,,,,2.472222222222222
1,2.5,-1.5,1.5,0.7847222222222223
2,1.5,-1.0833333333333335,0.5416666666666665,0.3446180555555555
3,4.5,-0.22916666666666688,1.145833333333333,0.14767795138888873
4,2.5,-0.3645833333333333,0.36458333333333304,0.04798719618055553
5,2.5,-0.18229166666666666,0.18229166666666666,0.023064507378472238
6,4.5,-0.05989583333333326,0.29947916666666696,0.009611341688368068
7,1.5,-0.12369791666666652,0.06184895833333348,0.003873401217990453
8,4.5,-0.02376302083333326,0.11881510416666696,0.0017558468712700753
