k,init,round,phase,sse
2,spread,1,assign,100.64
2,spread,1,update,62.09232142857143
2,spread,2,assign,61.80111288265305
2,spread,2,update,58.47944444444444
2,spread,3,assign,54.042746913580245
2,spread,3,update,51.453
2,spread,4,assign,51.452999999999996
2,spread,4,update,51.453
2,near,1,assign,188.43999999999997
2,near,1,update,84.07857142857144
2,near,2,assign,63.04816326530613
2,near,2,update,51.849
2,near,3,assign,51.84899999999999
2,near,3,update,51.849
3,spread,1,assign,5.039999999999999
3,spread,1,update,4.599999999999999
3,spread,2,assign,4.6
3,spread,2,update,4.599999999999999
3,near,1,assign,173.95999999999998
3,near,1,update,45.391666666666666
3,near,2,assign,19.815902777777783
3,near,2,update,4.599999999999999
3,near,3,assign,4.6
3,near,3,update,4.599999999999999
