step,train_mse,val_mse
0,0.6721283725301249,0.6752517538745159
100,0.042981938953416794,0.023684585923082337
200,0.03664891046455124,0.02254047894388717
300,0.03493583400412749,0.024283849177779836
400,0.03444045875374046,0.025818097974352364
500,0.03427011130899821,0.026811966944313335
600,0.034189515065428625,0.027415209508413668
700,0.0341360734384043,0.02778802087025751
800,0.034092671838523575,0.028034257499502908
900,0.03405427234540347,0.028212763341189405
1000,0.0340191199760417,0.028355113392751662
