step,processed_samples,full_data_mse,w,b
0,0,15.078333333333333,0.0,0.0
1,1,3.2434333333333334,1.06,0.53
2,2,2.4911684999999992,1.161,0.631
3,3,1.8376717833333334,1.3228,0.5501
4,4,1.7372399200999997,1.3228,0.61509
5,5,1.5809189032864996,1.382029,0.555861
6,6,0.17631938630063324,2.0114446,0.7656662000000001
7,7,0.2131606608016616,2.11373352,0.81681066
8,8,0.2036706104930984,2.11373352,0.855129594
9,9,0.20849142314310676,2.1178731273999998,0.8509899865999999
10,10,0.1878304059742496,2.080986816,0.8141036751999999
11,11,0.12658611049754934,1.91141282464,0.8988906708799999
12,12,0.11543424460435503,1.9614740812,0.9155777563999998
13,13,0.12937346142115122,1.8599999999999999,0.9663147969999999
14,14,0.12429465894326581,1.8599999999999999,0.9896833172999999
15,15,0.10042492519786099,1.9290950048099997,1.01271498557
16,16,0.11153694591274782,1.8949140057719998,0.978533986532
17,17,0.11086511370431106,1.9332760038479997,0.9401719884559999
18,18,0.12672849571202724,2.0319312046176,0.9894995888408
19,19,0.1060280261987383,1.9463432438095196,0.96097026857144
20,20,0.12169922757417569,1.8599999999999997,1.0041418904761998
21,21,0.10473513486742353,1.97517162190476,1.06172770142858
22,22,0.11742436803972112,2.013827229857142,1.0230720934761979
23,23,0.10526904321800719,1.9701372975238078,0.9793821611428639
24,24,0.10345181563165036,1.9701372975238078,1.0014439450285775
25,25,0.11485545935523778,2.003267962274285,0.9683132802781005
26,26,0.10533610517572768,1.895623433420191,1.0221355447051474
27,27,0.09974491529148118,1.922921679930475,1.0312349602085755
28,28,0.11111985038194493,1.88750601591657,0.9958192961946705
29,29,0.10979112487147306,1.9933397503110077,1.0487361633918895
30,30,0.11088937788460433,1.9933397503110077,1.0638625470527006
31,31,0.09966694807292759,1.9201752109152905,1.0394743672541282
32,32,0.10250021496750895,1.9621051265491742,0.9975444516202444
33,33,0.1098907902167413,1.8767719662535534,1.0402110317680549
34,34,0.10836420266720294,1.978020973398521,1.0908355353405386
35,35,0.10986275957201454,1.978020973398521,1.1017519818064847
36,36,0.09885067213704145,1.9300436778780203,1.053774686285984
37,37,0.11131316255482815,1.868781143984009,1.0844059532329897
38,38,0.1310280810840098,1.8334624342623091,1.04908724351129
39,39,0.10388724010388228,1.9502600118551274,1.107486032307699
40,40,0.10519307605218899,1.9502600118551274,1.116737429076929
41,41,0.11292262938348963,1.9969077535773077,1.0700896873547487
42,42,0.09968303141841091,1.918663869151306,1.0440083925460815
43,43,0.11728142105520888,2.002396642981567,1.085874779461212
44,44,0.11901869668287161,2.002396642981567,1.0972873015150908
45,45,0.10601094865013166,1.9208954460919585,1.1380378999598952
46,46,0.10620916536667196,1.972609691478752,1.0863236545731016
47,47,0.10035034135644223,1.9113638727759446,1.0659083816721657
48,48,0.11219155117327577,1.8736366473311334,1.0281811562273546
49,49,0.10734196139787981,1.978545757153209,1.0806357111383924
50,50,0.0990461321292203,1.932627610324049,1.0347175643092323
51,51,0.0988024669640577,1.932627610324049,1.0512458078783091
52,52,0.10390949216894785,1.9744894300794749,1.0093839881228832
53,53,0.10162967660481102,1.9346337465710826,0.9960987602867524
54,54,0.11772456141450684,1.86,1.0334156335722937
55,55,0.1379568078476847,1.8226831267144588,1.0520740702150644
56,56,0.1035491944782378,1.9431950619856624,1.1123300378506662
57,57,0.10480540685046506,1.9431950619856624,1.1210970340655995
58,58,0.11088809158626801,1.990985259193656,1.0733068368576058
59,59,0.09974341447080098,1.9171064748620839,1.0486805754137483
60,60,0.11135718138801982,1.8805277698345007,1.012101870386165
61,61,0.0998459299374801,1.9244222158676005,1.0267333523971984
62,62,0.11847658672393896,2.0093066590411204,1.0691755739839583
63,63,0.12014338039318422,2.0093066590411204,1.0822580165855624
64,64,0.13824937671007717,2.0466017947955644,1.0449628808311182
65,65,0.11091870573894021,1.997445327232896,0.99580641326845
66,66,0.10320300296454603,1.8976284789934277,1.0457148373881842
67,67,0.09980980571377825,1.9160483966828874,1.0518548099513374
68,68,0.1114661069686227,1.8792580760194648,1.0150644892879148
69,69,0.10951591156391811,1.8792580760194648,1.0335580403591234
70,70,0.10344404203634257,1.9246880724534308,0.9881280439251575
71,71,0.12271404912379692,1.85243845225709,1.024252854023328
72,72,0.10414365778406713,1.9666125005495885,1.081339878169577
73,73,0.10531848973552538,1.8962354759636684,1.1165283904625372
74,74,0.1173415858116789,1.854959089321048,1.0752520038199167
75,75,0.10256297231317539,1.906988380770935,1.0232227123700297
76,76,0.09979434005379957,1.9237320243660845,1.0288039269017462
77,77,0.09919731347315774,1.9237320243660845,1.0459235342115716
78,78,0.11864929598644597,2.0050545077773365,1.0865847759171976
79,79,0.14780199202334898,2.0457157494829623,1.1069153967700105
80,80,0.10890768700268345,1.990452634857665,1.0516522821447132
81,81,0.10227634699097506,1.9046020373435417,1.0945775809017748
82,82,0.10260804921364582,1.9020869294638219,1.093739211608535
83,83,0.10331848863601316,1.9020869294638219,1.1043652904476815
84,84,0.09992743066946974,1.9523147655622077,1.0541374543492956
85,85,0.09967601313520673,1.918990240251432,1.0430292792457037
86,86,0.115088892613139,1.8599999999999999,1.0725243993714197
87,87,0.10192256757728498,1.9112524399371418,1.0212719594342778
88,88,0.1160704998845244,1.878,0.988019519497136
89,89,0.11271916805912498,1.878,1.0092175675474224
90,90,0.10776509054698526,1.9849564864905154,1.0626958107926803
91,91,0.09971564659332012,1.9401912567621957,1.0179305810643606
92,92,0.11254508915349158,1.8677008702701896,1.0541757743103637
93,93,0.11192244170193544,1.8677008702701896,1.0687581968793274
94,94,0.1014269119645191,1.9061426279632208,1.0815721161103378
95,95,0.09992493057444107,1.9536855767779324,1.034029167295626
96,96,0.1273563375330243,2.0254055126076342,1.069889135210477
97,97,0.1032145984695599,1.9292211346066759,1.117981324210956
98,98,0.10436328902996127,1.9292211346066759,1.1261831917898604
99,99,0.1062966780175998,1.8836807019670223,1.0806427591502068
100,100,0.0991582638137256,1.9333769076853407,1.0309465534318885
101,101,0.0998172996057104,1.9240537247389675,1.0278388257830975
102,102,0.11838125683708739,2.008864469686761,1.0702441982569941
103,103,0.13614198228990732,2.0450024425437845,1.0341062253999709
104,104,0.11131790364922822,1.997091575749409,0.9861953586055954
105,105,0.10420187728090684,1.8954940171707644,1.0369941378949177
106,106,0.10342677700348656,1.8954940171707644,1.053294724105426
107,107,0.10004672510730246,1.9135609844854489,1.059317046543654
108,108,0.1167482689726328,1.9962731813825385,1.100673144992199
109,109,0.10632437494190068,1.917898537827963,1.1398604667694867
110,110,0.11024606383826001,1.872122637368218,1.0940845663097418
111,111,0.11264509703823831,1.9644566691589824,1.140251582205124
112,112,0.11394523062778429,1.9644566691589824,1.1462264239846116
113,113,0.10655981995599502,1.8925777397205148,1.1222667808384557
114,114,0.09980889926348364,1.9455466438323088,1.0692978767266617
115,115,0.1006438149677749,1.9455466438323088,1.0823680890539955
116,116,0.10770750576849643,1.8838016041101844,1.1132406089150577
117,117,0.11699582703209781,1.967632840683099,1.155156227201515
118,118,0.10779806724592694,1.8902164159078554,1.129350752276434
119,119,0.1000271290006066,1.9441298495447132,1.075437318639576
120,120,0.10283174745516975,1.9021731327262843,1.033480601821147
121,121,0.10203999672104253,1.9021731327262843,1.0501325416390324
122,122,0.10069513204543677,1.946969073617559,1.0053366007477575
123,123,0.1012387803195644,1.9330959271374286,1.000712218587714
124,124,0.11732988960054923,1.8599999999999999,1.0372601821564282
125,125,0.13918259182417095,1.8302739817843572,1.0075341639407855
126,126,0.1013024270635915,1.956657556282457,1.0707259511898355
127,127,0.11079436562628371,1.998064395773195,1.0293191116990976
128,128,0.10077799344097958,1.9310107060675903,1.0069678817972294
129,129,0.1168419483063003,1.86,1.0424732348310246
130,130,0.13868630722043374,1.8297526765168977,1.0122259113479222
131,131,0.10139716993205694,1.9554064236405542,1.0750527849097504
132,132,0.102455140254823,1.9554064236405542,1.0875475064187754
133,133,0.10668133746483334,1.8907533554680875,1.1198740405050087
134,134,0.09953990522609056,1.9436654239717797,1.0669619720013166
135,135,0.09996680026493694,1.9142779507967829,1.057166147609651
136,136,0.10010335368315387,1.9142779507967829,1.071449532848686
137,137,0.11773997853316691,1.9942768639083326,1.1114489894044608
138,138,0.09931037029043858,1.9437042785770533,1.0608764040731815
139,139,0.10359512641620199,1.9032462103120298,1.020418335808158
140,140,0.09982829893599482,1.9241991202887558,1.0274026391337334
141,141,0.11562679717739276,1.86,1.0595021992781113
142,142,0.11506088391229485,1.86,1.0735519793503001
143,143,0.10869532944332862,1.96128960412994,1.12419678141527
144,144,0.11869111774019682,2.007580321858473,1.077906063686737
145,145,0.10360699731706953,1.9201294058524314,1.1216315216897579
146,146,0.10416872881086353,1.970279617436164,1.0714813101060252
147,147,0.10536087811672533,1.970279617436164,1.0843331790954227
148,148,0.09929179181509046,1.9248183377830055,1.038871899442264
149,149,0.11874195369131302,2.0071166227813504,1.0800210419414364
150,150,0.09976616827241967,1.9167053496957038,1.0498839509128877
151,151,0.10163105143987113,1.9600232098174222,1.0065660907911693
152,152,0.10916147657754276,1.8773271440486872,1.0479141236755367
153,153,0.10888475297694451,1.9768134616941049,1.0976572824982456
154,154,0.09886737794876665,1.9293663872748699,1.0502102080790106
155,155,0.0990386243688212,1.9293663872748699,1.0651891872711094
156,156,0.10006840458844148,1.9133798825461543,1.0598603523615375
157,157,0.10026153410170253,1.9133798825461543,1.0738743171253837
158,158,0.1138904006396127,1.8628027929527693,1.0991628619220761
159,159,0.10471543029027747,1.8965314207186539,1.1104057378440377
160,160,0.1171054418790567,1.8558377048623846,1.0697120219877685
161,161,0.10782865988928085,1.959560218519877,1.1215732788165147
162,162,0.11748713635153786,2.005761524549541,1.075371972786851
163,163,0.09970464429017956,1.9179645606188989,1.0461063181433037
164,164,0.11717913287086518,2.0015574727426784,1.0879027742051934
165,165,0.09977513406261006,1.952611448047891,1.0389567495104062
166,166,0.09998925618262389,1.952611448047891,1.0550610745593656
167,167,0.10882875489526007,1.9928564106990385,1.0148161119082182
168,168,0.10252131493041285,1.8986770688010668,1.061905782857204
169,169,0.11731549880518115,1.8626187836352397,1.025847497691377
170,170,0.09968708240114642,1.918507629056111,1.0444771128316674
171,171,0.11725776252618342,2.002209154867333,1.0863278757372785
172,172,0.13443139857415634,2.0406210269543275,1.047916003650284
173,173,0.10145238640068198,1.9339558169026532,1.101248608676121
174,174,0.10256822616745663,1.9339558169026532,1.111123747808509
175,175,0.10468579045778464,1.889447860431537,1.0666157913373928
176,176,0.09966960914384503,1.9371646535221225,1.0188989982468073
177,177,0.09894048595002174,1.9371646535221225,1.0370090984221265
178,178,0.12218982700423163,2.0148969724288484,1.0758752578754893
179,179,0.10353863148888985,1.9241132350324068,1.12126712657371
180,180,0.10493295394789626,1.8960311855311276,1.1119064434066168
