epoch,online_batch_loss,end_epoch_train_mse,validation_mse,w,b
1,10.551883220672607,1.1523950099945068,0.9385469555854797,1.5170000791549683,0.5544999837875366
2,0.8492062489191691,0.08431073278188705,0.08320901542901993,1.96533203125,0.7330712080001831
3,0.07213696092367172,0.032428380101919174,0.0317993089556694,2.0261967182159424,0.8124688863754272
4,0.028465259820222855,0.018027519807219505,0.017543861642479897,2.02297043800354,0.8601069450378418
5,0.01587088281909625,0.010056323371827602,0.009626192972064018,2.0216615200042725,0.8959611058235168
6,0.009191160555928946,0.005603253375738859,0.005376741290092468,2.015719175338745,0.9222651124000549
7,0.004958455140391986,0.0031542449723929167,0.0029757535085082054,2.0139541625976562,0.9421671032905579
8,0.0031759601163988314,0.0017081763362511992,0.001655812026001513,2.0075576305389404,0.9569581747055054
9,0.0016299620814000566,0.0009445375180803239,0.0008847328717820346,2.0080771446228027,0.9684977531433105
10,0.0008645318642569085,0.000527227355632931,0.0005097085377201438,2.004371404647827,0.9761004447937012
11,0.000499986878518636,0.00028908002423122525,0.00027802068507298827,2.0034730434417725,0.982329249382019
12,0.00025230539419377845,0.00016386667266488075,0.0001584327401360497,2.002434730529785,0.9866757392883301
13,0.00016120769820796946,9.130944818025455e-05,8.39306740090251e-05,2.0028371810913086,0.9903453588485718
14,8.020173239250046e-05,5.113916995469481e-05,4.717348929261789e-05,2.002079963684082,0.9927534461021423
15,4.3894737852194034e-05,2.880384818126913e-05,2.7695636163116433e-05,2.001099109649658,0.9944225549697876
16,2.5600068814431626e-05,1.624396099941805e-05,1.5307006833609194e-05,2.0010111331939697,0.9958527088165283
17,1.4954070744958395e-05,8.994808922579978e-06,8.629018338979222e-06,2.000631809234619,0.9968858361244202
18,9.176131773832216e-06,4.891332082479494e-06,4.532559614744969e-06,2.0006256103515625,0.9977507591247559
19,4.481051670760887e-06,2.764909140751115e-06,2.697608351809322e-06,2.0002713203430176,0.998267412185669
20,2.5311787794635165e-06,1.5390606904475135e-06,1.5015782537375344e-06,2.000202178955078,0.9987074136734009
21,1.597611344550387e-06,8.082882345661346e-07,7.804155757185072e-07,2.0001742839813232,0.999064564704895
22,7.258103854231498e-07,4.560478146231617e-07,4.244131162067788e-07,2.00018572807312,0.9993109107017517
23,3.970525028762495e-07,2.556080005433614e-07,2.4400301867899543e-07,2.000112771987915,0.9994761347770691
24,2.2503871358973507e-07,1.4554626659446512e-07,1.4143719795356446e-07,2.0000665187835693,0.9996025562286377
25,1.4846159501757938e-07,7.830642090311812e-08,7.65307959227357e-08,2.0000436305999756,0.9997084736824036
26,7.170673654854909e-08,4.347509729996091e-08,4.241978857066897e-08,2.000033378601074,0.9997828006744385
27,4.169433035864737e-08,2.3764334500242512e-08,2.215325523025058e-08,2.0000417232513428,0.9998424649238586
28,2.3216927047542413e-08,1.3131322695869585e-08,1.2849204367171296e-08,2.0000181198120117,0.9998805522918701
29,1.2538317643399447e-08,7.158599490963979e-09,6.951324849069351e-09,2.0000154972076416,0.999911904335022
30,7.286595031056701e-09,3.866489350912161e-09,3.5963694244856015e-09,2.0000171661376953,0.999936580657959
31,3.388308300600329e-09,2.183773162300895e-09,2.030021262200421e-09,2.0000128746032715,0.9999523758888245
32,2.0166363394006717e-09,1.1971602598137565e-09,1.1384144738002533e-09,2.0000081062316895,0.9999642372131348
33,1.084525654467446e-09,6.715250577826737e-10,6.412513298137412e-10,2.0000054836273193,0.9999731183052063
34,5.901631775865704e-10,3.7778136174893007e-10,3.651166591289723e-10,2.0000038146972656,0.9999797344207764
35,3.5510083762346767e-10,2.0982800219560005e-10,2.0031620806548744e-10,2.000002861022949,0.9999849796295166
36,1.9688665512755202e-10,1.1873702021603094e-10,1.0820215556872625e-10,2.0000033378601074,0.9999890923500061
37,1.0465110259853343e-10,6.45226094775353e-11,6.135181251920585e-11,2.000001907348633,0.9999917149543762
38,6.451313557439183e-11,3.527193467856016e-11,3.440234902507555e-11,2.0000009536743164,0.9999938607215881
39,3.728513794006479e-11,1.8574178653474327e-11,1.765627574701334e-11,2.0000007152557373,0.9999955296516418
40,1.758356423427661e-11,1.0269711296639894e-11,1.0277290303506437e-11,2.000000476837158,0.9999966621398926
41,8.57625082062441e-12,5.48065282393595e-12,5.8946623623934435e-12,2.000000476837158,0.9999974966049194
42,5.4143356464919634e-12,3.2779705599200737e-12,3.416289386798388e-12,2.000000238418579,0.9999980926513672
43,2.8664478198455376e-12,1.8379371375526476e-12,1.915623258977317e-12,2.000000238418579,0.9999985694885254
44,1.5750363976015553e-12,1.0089706847793423e-12,9.663381206337363e-13,2.000000238418579,0.999998927116394
45,8.84033587074858e-13,7.247535904753022e-13,7.844391911211723e-13,2.000000238418579,0.9999991655349731
46,5.802765675374152e-13,5.358676284823727e-13,4.611422463503267e-13,2.000000238418579,0.9999993443489075
47,4.198123330449259e-13,2.2737367544323206e-13,2.2737367544323206e-13,2.0,0.9999995231628418
48,3.2448118266377907e-13,1.1901590823981678e-13,9.734435344388101e-14,2.0,0.9999997019767761
49,7.579122514774402e-14,3.789561370324927e-14,4.547473576627277e-14,2.0,0.9999997615814209
50,3.789561257387201e-14,3.789561370324927e-14,4.547473576627277e-14,2.0,0.9999997615814209
51,3.789561257387201e-14,3.789561370324927e-14,4.547473576627277e-14,2.0,0.9999997615814209
52,3.789561257387201e-14,3.789561370324927e-14,4.547473576627277e-14,2.0,0.9999997615814209
53,3.789561257387201e-14,3.789561370324927e-14,4.547473576627277e-14,2.0,0.9999997615814209
54,3.789561257387201e-14,3.789561370324927e-14,4.547473576627277e-14,2.0,0.9999997615814209
55,3.789561257387201e-14,3.789561370324927e-14,4.547473576627277e-14,2.0,0.9999997615814209
56,3.789561257387201e-14,3.789561370324927e-14,4.547473576627277e-14,2.0,0.9999997615814209
57,3.789561257387201e-14,3.789561370324927e-14,4.547473576627277e-14,2.0,0.9999997615814209
58,3.789561257387201e-14,3.789561370324927e-14,4.547473576627277e-14,2.0,0.9999997615814209
59,3.789561257387201e-14,3.789561370324927e-14,4.547473576627277e-14,2.0,0.9999997615814209
60,3.789561257387201e-14,3.789561370324927e-14,4.547473576627277e-14,2.0,0.9999997615814209
61,3.789561257387201e-14,3.789561370324927e-14,4.547473576627277e-14,2.0,0.9999997615814209
62,3.789561257387201e-14,3.789561370324927e-14,4.547473576627277e-14,2.0,0.9999997615814209
63,3.789561257387201e-14,3.789561370324927e-14,4.547473576627277e-14,2.0,0.9999997615814209
64,3.789561257387201e-14,3.789561370324927e-14,4.547473576627277e-14,2.0,0.9999997615814209
65,3.789561257387201e-14,3.789561370324927e-14,4.547473576627277e-14,2.0,0.9999997615814209
66,3.789561257387201e-14,3.789561370324927e-14,4.547473576627277e-14,2.0,0.9999997615814209
67,3.789561257387201e-14,3.789561370324927e-14,4.547473576627277e-14,2.0,0.9999997615814209
68,3.789561257387201e-14,3.789561370324927e-14,4.547473576627277e-14,2.0,0.9999997615814209
69,3.789561257387201e-14,3.789561370324927e-14,4.547473576627277e-14,2.0,0.9999997615814209
70,3.789561257387201e-14,3.789561370324927e-14,4.547473576627277e-14,2.0,0.9999997615814209
71,3.789561257387201e-14,3.789561370324927e-14,4.547473576627277e-14,2.0,0.9999997615814209
72,3.789561257387201e-14,3.789561370324927e-14,4.547473576627277e-14,2.0,0.9999997615814209
73,3.789561257387201e-14,3.789561370324927e-14,4.547473576627277e-14,2.0,0.9999997615814209
74,3.789561257387201e-14,3.789561370324927e-14,4.547473576627277e-14,2.0,0.9999997615814209
75,3.789561257387201e-14,3.789561370324927e-14,4.547473576627277e-14,2.0,0.9999997615814209
76,3.789561257387201e-14,3.789561370324927e-14,4.547473576627277e-14,2.0,0.9999997615814209
77,3.789561257387201e-14,3.789561370324927e-14,4.547473576627277e-14,2.0,0.9999997615814209
78,3.789561257387201e-14,3.789561370324927e-14,4.547473576627277e-14,2.0,0.9999997615814209
79,3.789561257387201e-14,3.789561370324927e-14,4.547473576627277e-14,2.0,0.9999997615814209
80,3.789561257387201e-14,3.789561370324927e-14,4.547473576627277e-14,2.0,0.9999997615814209
