variant,seed,best_epoch,best_val_bce,accuracy_at_best_bce,final_val_bce
baseline,7001,33,0.16166219115257263,0.94921875,0.1740739643573761
baseline,7002,118,0.15363851189613342,0.96875,0.15437722206115723
baseline,7003,103,0.17102812230587006,0.94921875,0.171741783618927
sigmoid,7001,120,0.22028714418411255,0.953125,0.22028714418411255
sigmoid,7002,120,0.23441538214683533,0.94140625,0.23441538214683533
sigmoid,7003,120,0.21753641963005066,0.9453125,0.21753641963005066
zero_init,7001,1,0.6934722065925598,0.46875,0.7011210918426514
zero_init,7002,1,0.6934722065925598,0.46875,0.7011210918426514
zero_init,7003,1,0.6934722065925598,0.46875,0.7011210918426514
sgd,7001,120,0.36943021416664124,0.91015625,0.36943021416664124
sgd,7002,120,0.523571252822876,0.72265625,0.523571252822876
sgd,7003,120,0.45353180170059204,0.7265625,0.45353180170059204
dropout,7001,114,0.2147185206413269,0.95703125,0.22040612995624542
dropout,7002,120,0.2297087013721466,0.94140625,0.2297087013721466
dropout,7003,120,0.21487918496131897,0.9609375,0.21487918496131897
layernorm,7001,25,0.19632580876350403,0.93359375,0.2001597285270691
layernorm,7002,40,0.1713121235370636,0.9375,0.1950436681509018
layernorm,7003,32,0.18749505281448364,0.9375,0.22832651436328888
schedule,7001,33,0.16166219115257263,0.94921875,0.17377254366874695
schedule,7002,120,0.16916367411613464,0.95703125,0.16916367411613464
schedule,7003,120,0.17623931169509888,0.94921875,0.17623931169509888
