id,temperature,rain,station,y
0,10.2,0,A,0
1,33.8,0,B,1
2,31.9,0,C,1
3,23.1,0,B,1
4,8.6,0,A,0
5,33.5,0,C,1
6,15.1,1,A,0
7,7.3,1,B,0
8,,0,C,1
9,21.3,0,A,0
10,29.5,0,C,1
11,,0,B,0
12,15.2,0,B,0
13,21.8,0,A,0
14,11.8,0,B,0
15,22.5,1,A,0
16,,0,B,1
17,22.5,0,B,1
18,11.7,1,A,0
19,22.0,0,C,1
20,16.4,0,B,0
21,5.5,0,B,0
22,14.4,0,A,0
23,10.1,0,B,0
24,20.9,0,A,0
25,19.8,0,,0
26,,0,B,1
27,31.7,1,A,1
28,24.2,0,C,0
29,22.1,0,C,1
30,14.5,0,C,0
31,23.7,1,C,0
32,17.5,0,C,1
33,27.0,1,A,0
34,,0,C,0
35,22.0,0,C,0
36,12.9,0,C,0
37,27.2,1,A,1
38,6.4,0,C,0
39,19.1,0,B,1
40,13.3,0,C,1
41,12.4,0,,0
42,,0,B,1
43,9.9,0,C,0
44,6.8,0,C,0
45,27.7,0,C,1
46,15.6,0,A,0
47,17.8,1,B,0
48,15.7,0,A,0
49,31.7,1,,0
50,,1,C,0
51,9.6,1,A,0
52,,1,A,0
53,34.0,1,,1
54,7.0,1,C,0
55,29.9,1,B,0
56,20.2,1,B,0
57,31.5,1,A,0
58,,0,B,1
59,15.3,0,B,0
60,18.9,0,C,0
61,14.4,0,B,0
62,32.5,0,B,1
63,7.2,1,B,0
64,7.3,0,A,0
65,12.0,0,B,0
66,22.1,1,A,0
67,14.8,0,B,0
68,20.6,1,B,0
69,27.1,1,B,1
70,19.6,1,,0
71,6.6,0,A,0
72,31.7,0,B,1
73,10.5,1,C,0
74,14.5,0,A,0
75,32.1,0,A,0
76,21.0,0,A,0
77,24.1,0,B,1
78,9.6,0,C,0
79,22.7,0,A,1
80,9.8,0,C,0
81,24.3,0,A,1
82,30.0,0,C,1
83,21.2,0,C,1
84,,0,,1
85,13.9,0,B,1
86,5.2,0,C,0
87,31.7,1,B,1
88,17.9,0,,1
89,23.9,0,A,0
90,6.6,0,B,0
91,28.4,1,A,0
92,28.9,0,B,1
93,14.7,0,A,0
94,29.0,0,,1
95,33.8,1,B,1
96,20.5,0,A,0
97,,1,A,0
98,6.2,0,A,0
99,26.2,0,B,1
100,17.3,0,B,1
101,7.8,0,A,0
102,31.7,0,A,1
103,6.7,0,C,0
104,18.5,1,A,0
105,17.4,0,B,1
106,32.7,0,C,1
107,15.7,0,A,0
108,22.8,0,A,1
109,,1,A,0
110,,1,A,0
111,8.5,0,A,0
112,16.8,0,B,0
113,,0,B,1
114,30.1,1,,1
115,10.5,0,A,0
116,18.2,1,B,0
117,28.4,1,A,1
118,34.6,0,B,1
119,11.3,0,,0
