id,temperature,rain,station,y,score,prediction,category
0,10.2,0,A,0,0.027132790002747747,0,TN
1,33.8,0,B,1,0.9823780082332503,1,TP
2,31.9,0,C,1,0.9372250834768702,1,TP
3,23.1,0,B,1,0.7060562724259122,1,TP
4,8.6,0,A,0,0.013770800905123792,0,TN
5,33.5,0,C,1,0.9559791275576951,1,TP
6,15.1,1,A,0,0.037606523535249126,0,TN
7,7.3,1,B,0,0.022534445498323227,0,TN
8,,0,C,1,0.3027524028739537,0,FN
9,21.3,0,A,0,0.15949390855792672,0,TN
10,29.5,0,C,1,0.8421165400430045,1,TP
11,,0,B,0,0.6235254231107776,1,FP
12,15.2,0,B,0,0.41596240783084315,0,TN
13,21.8,0,A,0,0.4627977404049645,0,TN
14,11.8,0,B,0,0.24298265935914284,0,TN
15,22.5,1,A,0,0.18105167266924854,0,TN
16,,0,B,1,0.47904399669040115,0,FN
17,22.5,0,B,1,0.7976854090456948,1,TP
18,11.7,1,A,0,0.01338360079621544,0,TN
19,22.0,0,C,1,0.47899150074639296,0,FN
20,16.4,0,B,0,0.33341768604630423,0,TN
21,5.5,0,B,0,0.037491069441581946,0,TN
22,14.4,0,A,0,0.13214877877515435,0,TN
23,10.1,0,B,0,0.17349245522358414,0,TN
24,20.9,0,A,0,0.14878247063791578,0,TN
25,19.8,0,,0,0.5052739232230187,1,FP
26,,0,B,1,0.47904399669040115,0,FN
27,31.7,1,A,1,0.2388905293869716,0,FN
28,24.2,0,C,0,0.7734452453669449,1,FP
29,22.1,0,C,1,0.6006811698055261,1,TP
30,14.5,0,C,0,0.31754173275109776,0,TN
31,23.7,1,C,0,0.3190923393165751,0,TN
32,17.5,0,C,1,0.24250945596495913,0,FN
33,27.0,1,A,0,0.32879594057774225,0,TN
34,,0,C,0,0.5525161124707137,1,FP
35,22.0,0,C,0,0.47899150074639296,0,TN
36,12.9,0,C,0,0.1485213711518379,0,TN
37,27.2,1,A,1,0.11072656096903676,0,FN
38,6.4,0,C,0,0.03666842221607267,0,TN
39,19.1,0,B,1,0.5715219881117205,1,TP
40,13.3,0,C,1,0.10683064273006689,0,FN
41,12.4,0,,0,0.1244243285980639,0,TN
42,,0,B,1,0.47904399669040115,0,FN
43,9.9,0,C,0,0.0795251698915686,0,TN
44,6.8,0,C,0,0.08729394150226046,0,TN
45,27.7,0,C,1,0.7776642947510893,1,TP
46,15.6,0,A,0,0.05556047973251676,0,TN
47,17.8,1,B,0,0.3095431954258212,0,TN
48,15.7,0,A,0,0.09193797765259681,0,TN
49,31.7,1,,0,0.6968860073913813,1,FP
50,,1,C,0,0.1368417945529691,0,TN
51,9.6,1,A,0,0.010662613582779487,0,TN
52,,1,A,0,0.08875725522412298,0,TN
53,34.0,1,,1,0.8872559926444932,1,TP
54,7.0,1,C,0,0.019084751514204305,0,TN
55,29.9,1,B,0,0.8843431718080793,1,FP
56,20.2,1,B,0,0.24610660061434694,0,TN
57,31.5,1,A,0,0.6453069008431095,1,FP
58,,0,B,1,0.6235254231107776,1,TP
59,15.3,0,B,0,0.4216683153543344,0,TN
60,18.9,0,C,0,0.3077235977194796,0,TN
61,14.4,0,B,0,0.3367976895330196,0,TN
62,32.5,0,B,1,0.9559632220235079,1,TP
63,7.2,1,B,0,0.03601638425416226,0,TN
64,7.3,0,A,0,0.028062913400692252,0,TN
65,12.0,0,B,0,0.23672825222800883,0,TN
66,22.1,1,A,0,0.1344363040119023,0,TN
67,14.8,0,B,0,0.35539365883738366,0,TN
68,20.6,1,B,0,0.46359410964191405,0,TN
69,27.1,1,B,1,0.5739991624999825,1,TP
70,19.6,1,,0,0.21204805188077544,0,TN
71,6.6,0,A,0,0.011851083449210185,0,TN
72,31.7,0,B,1,0.9466904859773474,1,TP
73,10.5,1,C,0,0.020789859256905213,0,TN
74,14.5,0,A,0,0.13485781383271742,0,TN
75,32.1,0,A,0,0.9057723467683181,1,FP
76,21.0,0,A,0,0.259652360102719,0,TN
77,24.1,0,B,1,0.7884091431532283,1,TP
78,9.6,0,C,0,0.1453129988751107,0,TN
79,22.7,0,A,1,0.2019171888962787,0,FN
80,9.8,0,C,0,0.07782766933989058,0,TN
81,24.3,0,A,1,0.2600672638209383,0,FN
82,30.0,0,C,1,0.8570830215991293,1,TP
83,21.2,0,C,1,0.5492232893974471,1,TP
84,,0,,1,0.4770395518071693,0,FN
85,13.9,0,B,1,0.21784944044371235,0,FN
86,5.2,0,C,0,0.027935878718321195,0,TN
87,31.7,1,B,1,0.7967744292660277,1,TP
88,17.9,0,,1,0.4087156867880007,0,FN
89,23.9,0,A,0,0.4090339936861519,0,TN
90,6.6,0,B,0,0.08663937209555855,0,TN
91,28.4,1,A,0,0.4681640153056554,0,TN
92,28.9,0,B,1,0.9033147017017096,1,TP
93,14.7,0,A,0,0.14041651469581626,0,TN
94,29.0,0,,1,0.8739531547520771,1,TP
95,33.8,1,B,1,0.8650700166443791,1,TP
96,20.5,0,A,0,0.38852137946837867,0,TN
97,,1,A,0,0.08875725522412298,0,TN
98,6.2,0,A,0,0.008455540352214639,0,TN
99,26.2,0,B,1,0.851552314371008,1,TP
100,17.3,0,B,1,0.5381532063586247,1,TP
101,7.8,0,A,0,0.031439463309142116,0,TN
102,31.7,0,A,1,0.6165153813112674,1,TP
103,6.7,0,C,0,0.024826620645970826,0,TN
104,18.5,1,A,0,0.020415350932956204,0,TN
105,17.4,0,B,1,0.48470023385022065,0,FN
106,32.7,0,C,1,0.9186543821728018,1,TP
107,15.7,0,A,0,0.171129314157614,0,TN
108,22.8,0,A,1,0.3484586117944692,0,FN
109,,1,A,0,0.023735849174036608,0,TN
110,,1,A,0,0.023735849174036608,0,TN
111,8.5,0,A,0,0.01837862348659378,0,TN
112,16.8,0,B,0,0.5089241570049327,1,FP
113,,0,B,1,0.6235254231107776,1,TP
114,30.1,1,,1,0.6614797070578408,1,TP
115,10.5,0,A,0,0.020213883472017066,0,TN
116,18.2,1,B,0,0.1779343114712038,0,TN
117,28.4,1,A,1,0.1374314679077438,0,FN
118,34.6,0,B,1,0.9699006741755248,1,TP
119,11.3,0,,0,0.1511881991717669,0,TN
